三级目录,文件数,字节,MB,占.ucas%
GameXXK/BattleAnimations/Atlases,98,69645322,66.42,23.78
<ShaderCode>,1200,49709577,47.41,16.98
GameXXK/UI/StoryNodes,62,44674378,42.6,15.26
GameXXK/UI/Battle,97,28347427,27.03,9.68
GameXXK/UI/Town,93,13316117,12.7,4.55
GameXXK/Sprites/Generated,30,12363878,11.79,4.22
GameXXK/UI/Items,56,6568603,6.26,2.24
GameXXK/Characters/Hero,662,5912935,5.64,2.02
GameXXK/UI/Relics,46,5065576,4.83,1.73
GameXXK/UI/MasterV2,53,4233008,4.04,1.45
GameXXK/UI/Equipment,36,4060905,3.87,1.39
GameXXK/UI/QuestDialog,3,3681436,3.51,1.26
GameXXK/UI/Maps,6,3294404,3.14,1.13
GameXXK/Cinematics/Prologue,4,3033152,2.89,1.04
GameXXK/BattleAnimations/IdleSprites,4080,2687048,2.56,0.92
GameXXK/UI/MainMenu,2,2541149,2.42,0.87
GameXXK/Narrative/Items,1,2498720,2.38,0.85
Engine/Plugins/Interchange,110,2381832,2.27,0.81
GameXXK/UI/Inventory,18,2277124,2.17,0.78
EngineMaterials/FastBlueNoise_vec2_128x128x64.uasset,1,2102219,2.0,0.72
GameXXK/UI/Tasks,13,1889075,1.8,0.65
GameXXK/BattleAnimations/GemstylePilot,4,1743580,1.66,0.6
GameXXK/Characters/BattleAnimationPilot,62,1721927,1.64,0.59
GameXXK/UI/RouteMap,6,1573532,1.5,0.54
GameXXK/UI/StoryPortraits,12,1512920,1.44,0.52
GameXXK/UI/PartyDeck,19,1062527,1.01,0.36
EngineMaterials/FastBlueNoise_scalar_128x128x64.uasset,1,1049117,1.0,0.36
EngineMaterials/Substrate/Glints2,1,812943,0.78,0.28
Engine/Plugins/Animation,65,807243,0.77,0.28
GameXXK/UI/Talents,11,793580,0.76,0.27
GameXXK/UI/Training,10,767693,0.73,0.26
GameXXK/UI/RouteCamp,1,645038,0.62,0.22
GameXXK/UI/StarterEquipment,6,637567,0.61,0.22
Engine/Plugins/Editor,13,561675,0.54,0.19
GameXXK/UI/ImageTruth,8,527850,0.5,0.18
EngineMaterials/Substrate/GLints,1,504049,0.48,0.17
VREditor/TransformGizmo/TransformGizmoFreeRotation.uasset,1,501923,0.48,0.17
GameXXK/Characters/Enemies,15,458711,0.44,0.16
GameXXK/Characters/Follower,85,456454,0.44,0.16
EngineMaterials/DefaultDiffuse.ubulk,1,449989,0.43,0.15
1Game/Texture/??_1.uasset,1,422084,0.4,0.14
EngineMaterials/DefaultBloomKernel.uasset,1,333121,0.32,0.11
<ContainerHeader>,1,269248,0.26,0.09
GameXXK/UI/DesktopOverlay,3,260465,0.25,0.09
1Game/Texture/??.uasset,6,253421,0.24,0.09
GameXXK/Characters/PartyDeckPartners,432,248082,0.24,0.08
GameXXK/Characters/PartyDeckNPC,432,244155,0.23,0.08
EngineMaterials/Hair/Hair_DirectionalAlbedo.uasset,1,208033,0.2,0.07
GameXXK/UI/Cards,1,186549,0.18,0.06
ShaderArchive-Global-PCD3D_SM6-PCD3D_SM6.ushaderbytecode,1,150496,0.14,0.05
1Game/Texture/??.ubulk,4,148151,0.14,0.05
GameXXK/Audio/SFX,44,145594,0.14,0.05
1Game/Texture/???.uasset,3,144652,0.14,0.05
EngineMaterials/Hair/Hair_DualScattering.uasset,1,134032,0.13,0.05
EngineMaterials/FastBlueNoise_scalar_128x128x8.uasset,1,131741,0.13,0.04
EngineMaterials/EnergyConservation/GGX_TransmissionEnergyArray.uasset,1,125207,0.12,0.04
ShaderArchive-Global-PCD3D_SM5-PCD3D_SM5.ushaderbytecode,1,118452,0.11,0.04
1Game/Texture/??1.ubulk,4,117439,0.11,0.04
1Game/Texture/????.uasset,5,114252,0.11,0.04
EngineMaterials/DefaultCalibrationGrayscale.uasset,1,108054,0.1,0.04
EditorMaterials/Dataflow/T_CheckerBoard.uasset,1,96042,0.09,0.03
EngineMaterials/T_Default_Material_Grid_M.ubulk,1,93813,0.09,0.03
VREditor/Sounds/UI,16,88819,0.08,0.03
GameXXK/BattleAnimations/IdleFlipbooks,68,86632,0.08,0.03
VREditor/LaserPointer/VR_LaserPower_01.ubulk,1,81262,0.08,0.03
Engine/Plugins/Experimental,30,77479,0.07,0.03
GameXXK/UI/Materials,68,73524,0.07,0.03
1Game/Texture/???.ubulk,2,67696,0.06,0.02
GameXXK/Characters/Merchant,73,66151,0.06,0.02
GameXXK/UI/MetaShop,1,63975,0.06,0.02
1Game/Texture/????.ubulk,4,61906,0.06,0.02
EngineFonts/RobotoDistanceField.uasset,1,42478,0.04,0.01
EditorMeshes/Camera/SM_RailRig_Mount.uasset,1,35773,0.03,0.01
EngineMaterials/SMAAAreaTex.uasset,1,35550,0.03,0.01
EditorResources/S_TriggerSphere.uasset,1,32692,0.03,0.01
EditorResources/S_Terrain.ubulk,1,32450,0.03,0.01
EngineMaterials/WorldGridMaterial.uasset,1,31211,0.03,0.01
1Game/Texture/???1.ubulk,1,29034,0.03,0.01
ShaderArchive-GameXXK-PCD3D_SM6-PCD3D_SM6.ushaderbytecode,1,28628,0.03,0.01
ShaderArchive-GameXXK-PCD3D_SM5-PCD3D_SM5.ushaderbytecode,1,28300,0.03,0.01
1Game/Texture/?.ubulk,1,28213,0.03,0.01
EditorResources/SequenceRecorder/Countdown.uasset,1,27283,0.03,0.01
1Game/Texture/?1.ubulk,1,26468,0.03,0.01
1Game/Texture/?????.ubulk,1,25986,0.02,0.01
EditorMeshes/Camera/SM_CraneRig_Base.uasset,1,22969,0.02,0.01
EditorResources/S_TriggerCapsule.uasset,1,22913,0.02,0.01
BasicShapes/Sphere.uasset,1,22458,0.02,0.01
Engine/Plugins/Runtime,6,22079,0.02,0.01
EngineMaterials/LTC/GGX_LTCMat.uasset,1,21437,0.02,0.01
EditorMeshes/Camera/SM_CraneRig_Body.uasset,1,20947,0.02,0.01
GameXXK/UI/Controls,1,20448,0.02,0.01
EditorMeshes/Camera/SM_RailRig_Track.uasset,1,19382,0.02,0.01
EditorResources/S_Trigger.ubulk,1,19247,0.02,0.01
EditorResources/S_TriggerBox.uasset,1,18976,0.02,0.01
EditorResources/S_Solver.ubulk,1,17735,0.02,0.01
1Game/UI/UI_????.uasset,1,17215,0.02,0.01
EngineResources/FilmGrains/Marcie_Grain_v3_128_M2_000.uasset,1,16280,0.02,0.01
MobileResources/HUD/VirtualJoystick_Background.uasset,1,15884,0.02,0.01
EngineMaterials/PreintegratedSkinBRDF.uasset,1,14747,0.01,0.01
VREditor/TransformGizmo/RotationHandleFull.uasset,1,12980,0.01,0.0
EngineMaterials/Substrate/Volume,2,12713,0.01,0.0
BasicShapes/Cylinder.uasset,1,12018,0.01,0.0
Engine/Plugins/2D,7,11829,0.01,0.0
EngineMeshes/Sphere.uasset,1,11697,0.01,0.0
Functions/Engine_MaterialFunctions02/ExampleContent,1,11232,0.01,0.0
BasicShapes/Cone.uasset,1,10921,0.01,0.0
EngineMaterials/InvalidLightmapSettings.ubulk,1,9900,0.01,0.0
EngineMaterials/LTC/GGX_LTCAmp.uasset,1,9728,0.01,0.0
1Game/Texture/??1.uasset,4,9615,0.01,0.0
EngineResources/DefaultTextureCube.uasset,1,9163,0.01,0.0
1Game/Material/UI,5,8460,0.01,0.0
EditorResources/S_Actor.ubulk,1,7829,0.01,0.0
GameXXK/Narrative/Guides,9,7140,0.01,0.0
EngineMaterials/Grid.ubulk,1,6888,0.01,0.0
EditorResources/S_BoxReflectionCapture.uasset,1,6764,0.01,0.0
1Game/UI/UI_????-??.uasset,1,6703,0.01,0.0
EngineMaterials/DefaultBokeh.uasset,1,6090,0.01,0.0
EngineMaterials/EnergyConservation/GGX_MaxSpecEnergy.uasset,1,6011,0.01,0.0
VREditor/TransformGizmo/RotationHandleQuarter.uasset,1,6001,0.01,0.0
EngineResources/DefaultTexture.ubulk,1,5971,0.01,0.0
EditorMeshes/Camera/SM_CraneRig_Mount.uasset,1,5926,0.01,0.0
EditorResources/S_Actor.uasset,1,5492,0.01,0.0
VREditor/TransformGizmo/StartRotationHandleIndicator.uasset,1,4920,0.0,0.0
EngineMaterials/LTC/Sheen_LTC.uasset,1,4813,0.0,0.0
EditorResources/S_Terrain.uasset,1,4769,0.0,0.0
EngineMaterials/BaseFlattenGrayscaleMap_VT.ubulk,1,4728,0.0,0.0
EngineMaterials/DefaultDeferredDecalMaterial.uasset,1,4677,0.0,0.0
EngineMaterials/DefaultLightFunctionMaterial.uasset,1,4567,0.0,0.0
EditorResources/S_Trigger.uasset,1,4487,0.0,0.0
EngineMaterials/Good64x64TilingNoiseHighFreq.uasset,1,4428,0.0,0.0
VREditor/TransformGizmo/TranslateArrowHandle.uasset,1,4377,0.0,0.0
1Game/UI/UI_????-Boss.uasset,1,3919,0.0,0.0
EditorResources/S_Solver.uasset,1,3914,0.0,0.0
EditorMaterials/PreviewShadowIndicatorMaterial.uasset,1,3759,0.0,0.0
Functions/Engine_MaterialFunctions02/Utility,8,3547,0.0,0.0
VREditor/TransformGizmo/RotationHandleIndicator.uasset,1,3546,0.0,0.0
EditorMaterials/Dataflow/DataflowSelection.uasset,1,3531,0.0,0.0
EngineDebugMaterials/VolumeToRender.uasset,1,3526,0.0,0.0
EngineMaterials/DefaultPostProcessMaterial.uasset,1,3427,0.0,0.0
EditorMaterials/ParticleSystems/PSysThumbnail_OOD.ubulk,1,3332,0.0,0.0
MobileResources/HUD/VirtualJoystick_Thumb.uasset,1,3253,0.0,0.0
VREditor/TransformGizmo/UniformScaleHandle.uasset,1,3159,0.0,0.0
EngineMaterials/EnergyConservation/GGX_ReflectionEnergy.uasset,1,3153,0.0,0.0
VREditor/TransformGizmo/PlaneTranslationHandle.uasset,1,3083,0.0,0.0
VREditor/SnapGrid/SnapGridMaterial.uasset,1,3052,0.0,0.0
GameXXK/UI/Fonts,6,3050,0.0,0.0
EngineMaterials/FlattenMaterial.uasset,1,3017,0.0,0.0
EditorMaterials/Dataflow/DataflowTwoSidedVertexMaterial.uasset,1,3010,0.0,0.0
EditorLandscapeResources/LandscapeLayerUsageMaterial.uasset,1,2976,0.0,0.0
EngineMaterials/FlattenMaterial_WS_Normal_VT.uasset,1,2935,0.0,0.0
EngineMaterials/DefaultCalibrationColor.uasset,1,2935,0.0,0.0
EngineMaterials/FlattenMaterial_VT.uasset,1,2926,0.0,0.0
VREditor/LaserPointer/VR_LaserPower_01.uasset,1,2906,0.0,0.0
VREditor/TransformGizmo/SM_Sequencer_Node.uasset,1,2889,0.0,0.0
EngineMaterials/EnergyConservation/Sheen_Energy.uasset,1,2854,0.0,0.0
1Game/Texture/?????.uasset,1,2851,0.0,0.0
EngineResources/DefaultTexture.uasset,1,2825,0.0,0.0
EngineMaterials/DefaultMaterial.uasset,1,2816,0.0,0.0
Functions/Engine_MaterialFunctions02/WorldPositionOffset,6,2811,0.0,0.0
EngineMaterials/T_Default_Material_Grid_M.uasset,1,2804,0.0,0.0
GameXXK/Narrative/Dialogues,3,2735,0.0,0.0
1Game/Control/BP_PlayerController.uasset,1,2734,0.0,0.0
VREditor/TransformGizmo/BoundingBoxCorner.uasset,1,2691,0.0,0.0
EngineDebugMaterials/M_VolumeRenderSphereTracePP.uasset,1,2681,0.0,0.0
1Game/Texture/?.uasset,1,2668,0.0,0.0
EngineMaterials/BaseFlattenEmissiveMap_VT.ubulk,1,2645,0.0,0.0
EngineMaterials/BaseFlattenDiffuseMap_VT.ubulk,1,2645,0.0,0.0
EngineMaterials/EmissiveMeshMaterial.uasset,1,2614,0.0,0.0
EngineMaterials/Widget3DPassThrough_Masked_OneSided.uasset,1,2571,0.0,0.0
EngineMaterials/Widget3DPassThrough_Masked.uasset,1,2567,0.0,0.0
EngineMaterials/EnergyConservation/SheenLegacy_Energy.uasset,1,2563,0.0,0.0
EngineMaterials/BaseFlattenLinearColor_VT.ubulk,1,2549,0.0,0.0
1Game/Texture/???1.uasset,1,2449,0.0,0.0
EngineMaterials/DefaultTextMaterialOpaque.uasset,1,2448,0.0,0.0
EngineMaterials/PhAT_JointLimitMaterial.uasset,1,2438,0.0,0.0
1Game/Texture/?1.uasset,1,2379,0.0,0.0
EditorMaterials/PreviewShadowIndicator.ubulk,1,2375,0.0,0.0
EngineMaterials/DefaultDiffuse.uasset,1,2343,0.0,0.0
EditorLandscapeResources/SplineEditorMeshMat.uasset,1,2336,0.0,0.0
EditorMaterials/Dataflow/DataflowVertexMaterial.uasset,1,2296,0.0,0.0
EngineMaterials/Widget3DPassThrough_Opaque.uasset,1,2254,0.0,0.0
EngineMaterials/Widget3DPassThrough_Translucent.uasset,1,2238,0.0,0.0
EngineMaterials/NaniteHiddenSectionMaterial.uasset,1,2237,0.0,0.0
EditorLandscapeResources/SelectBrushMaterial.uasset,1,2208,0.0,0.0
EngineResources/Development/ZenLogo_64.uasset,1,2208,0.0,0.0
EditorLandscapeResources/MaskBrushMaterial.uasset,1,2184,0.0,0.0
EngineMaterials/Hair/Hair_Coverage.uasset,1,2171,0.0,0.0
EngineDebugMaterials/DebugEditorMaterial.uasset,1,2147,0.0,0.0
EditorLandscapeResources/LandscapeDirtyMaterial.uasset,1,2115,0.0,0.0
EngineMaterials/GizmoMaterial.uasset,1,2075,0.0,0.0
EngineMaterials/Widget3DPassThrough.uasset,1,2040,0.0,0.0
EngineDebugMaterials/DebugMeshMaterial.uasset,1,2024,0.0,0.0
EditorMaterials/ParticleSystems/PSysThumbnail_OOD.uasset,1,2000,0.0,0.0
EditorLandscapeResources/ColorMaskBrushMaterial.uasset,1,1977,0.0,0.0
EditorLandscapeResources/SelectBrushMaterial_SelectedRegion.uasset,1,1973,0.0,0.0
EditorMaterials/WidgetVertexColorMaterial.uasset,1,1969,0.0,0.0
EngineMaterials/Widget3DPassThrough_Translucent_OneSided.uasset,1,1952,0.0,0.0
EditorLandscapeResources/MaskBrushMaterial_MaskedRegion.uasset,1,1950,0.0,0.0
BasicShapes/Cube.uasset,1,1862,0.0,0.0
VREditor/TransformGizmo/BoundingBoxEdge.uasset,1,1850,0.0,0.0
EngineMaterials/PPM_DefaultCalibrationGrayscale.uasset,1,1850,0.0,0.0
EngineMaterials/PPM_DefaultCalibrationColor.uasset,1,1846,0.0,0.0
EditorLandscapeResources/LayerVisMaterial.uasset,1,1827,0.0,0.0
VREditor/TransformGizmo/TranslucentTransformGizmoMaterial.uasset,1,1808,0.0,0.0
VREditor/TransformGizmo/Main.uasset,1,1797,0.0,0.0
EngineDebugMaterials/M_SimpleUnlitTranslucent.uasset,1,1724,0.0,0.0
EditorMaterials/PhAT_UnselectedMaterial.uasset,1,1720,0.0,0.0
EditorMaterials/PhAT_NoCollisionMaterial.uasset,1,1719,0.0,0.0
EditorMaterials/Camera/CineMat.uasset,1,1717,0.0,0.0
BasicShapes/BasicShapeMaterial.uasset,1,1687,0.0,0.0
1Game/UI/UI_????-??-?.uasset,1,1685,0.0,0.0
GameXXK/Narrative/Characters,1,1646,0.0,0.0
Functions/Engine_MaterialFunctions01/Texturing,4,1641,0.0,0.0
EngineMaterials/Widget3DPassThrough_Opaque_OneSided.uasset,1,1640,0.0,0.0
VREditor/TransformGizmo/TransformGizmoMaterial.uasset,1,1599,0.0,0.0
EditorMaterials/Dataflow/M_Dataflow_CheckerBoard.uasset,1,1598,0.0,0.0
EditorMeshes/Camera/SM_CraneRig_Arm.uasset,1,1552,0.0,0.0
1Game/Data/ST_????.uasset,2,1501,0.0,0.0
EditorMaterials/ParticleSystems/PSysThumbnail_NoImage.ubulk,1,1491,0.0,0.0
EngineMaterials/M_InvalidLightmapSettings.uasset,1,1481,0.0,0.0
ArtTools/RenderToTexture/Meshes,1,1444,0.0,0.0
VREditor/TransformGizmo/Xray.uasset,1,1442,0.0,0.0
EngineMaterials/EnergyConservation/Diffuse_Energy.uasset,1,1398,0.0,0.0
EngineMaterials/RemoveSurfaceMaterial.uasset,1,1360,0.0,0.0
Functions/Engine_MaterialFunctions02/Math,3,1292,0.0,0.0
EditorLandscapeResources/SplineEditorMesh.uasset,1,1247,0.0,0.0
EngineMaterials/InvalidLightmapSettings.uasset,1,1233,0.0,0.0
EngineMaterials/Grid.uasset,1,1176,0.0,0.0
EngineMaterials/T_Default_Material_Grid_N.ubulk,1,1176,0.0,0.0
VREditor/SnapGrid/SnapGridPlaneMesh.uasset,1,1133,0.0,0.0
1Game/Data/ST_??????.uasset,1,1119,0.0,0.0
Functions/Engine_MaterialFunctions02/Texturing,2,1097,0.0,0.0
Engine/Plugins/Media,1,1011,0.0,0.0
BasicShapes/Plane.uasset,1,1003,0.0,0.0
EngineMaterials/HairColorMap.uasset,1,997,0.0,0.0
EngineMaterials/HairDebugColor.uasset,1,971,0.0,0.0
Maps/Entry.umap,1,968,0.0,0.0
GameXXK/Maps/L_DesktopTrainingHUD.umap,1,956,0.0,0.0
EngineMaterials/Black_1x1_EXR_Texture_VT.uasset,1,955,0.0,0.0
Engine/Plugins/PCG,3,946,0.0,0.0
EngineMaterials/BaseFlattenLinearColor_VT.uasset,1,944,0.0,0.0
EngineMaterials/BaseFlattenGrayscaleMap_VT.uasset,1,943,0.0,0.0
EngineMaterials/BaseFlattenEmissiveMap_VT.uasset,1,938,0.0,0.0
EngineMaterials/BaseFlattenNormalMap_VT.uasset,1,937,0.0,0.0
EngineMaterials/BaseFlattenDiffuseMap_VT.uasset,1,933,0.0,0.0
Functions/Engine_MaterialFunctions03/Math,2,883,0.0,0.0
MobileResources/HUD/DefaultVirtualJoysticks.uasset,1,855,0.0,0.0
Functions/Engine_MaterialFunctions01/ImageAdjustment,2,838,0.0,0.0
EditorMaterials/PreviewShadowIndicator.uasset,1,838,0.0,0.0
EngineMaterials/DefaultWhiteGrid.uasset,1,819,0.0,0.0
EngineMaterials/Black_1x1_EXR_Texture_VT.ubulk,1,818,0.0,0.0
EditorMaterials/ParticleSystems/PSysThumbnail_NoImage.uasset,1,811,0.0,0.0
EngineResources/DefaultVolumeTexture.uasset,1,772,0.0,0.0
EngineResources/GradientTexture0.uasset,1,765,0.0,0.0
EngineResources/DefaultVolumeTexture2D.uasset,1,723,0.0,0.0
EngineMaterials/T_Default_Material_Grid_N.uasset,1,708,0.0,0.0
1Game/Data/ST_????????????.uasset,1,701,0.0,0.0
1Game/Data/ST_?????????.uasset,1,695,0.0,0.0
EngineMaterials/SMAASearchTex.uasset,1,690,0.0,0.0
EngineMaterials/BaseFlattenDiffuseMap.uasset,1,687,0.0,0.0
EngineMaterials/BaseFlattenGrayscaleMap.uasset,1,680,0.0,0.0
EngineDamageTypes/DmgTypeBP_Environmental.uasset,1,679,0.0,0.0
EngineMaterials/BaseFlattenLinearColor.uasset,1,677,0.0,0.0
EngineMaterials/BaseFlattenEmissiveMap.uasset,1,677,0.0,0.0
GameXXK/Narrative/Sequences,1,674,0.0,0.0
EngineMaterials/MiniFont.uasset,1,672,0.0,0.0
ArtTools/RenderToTexture/Textures,1,646,0.0,0.0
EditorLandscapeResources/ColorMaskBrushMaterial_MaskedRegion.uasset,1,616,0.0,0.0
EngineMaterials/WeightMapPlaceholderTexture.uasset,1,606,0.0,0.0
EngineMaterials/BlendFunc_DefBase.uasset,1,581,0.0,0.0
VREditor/TransformGizmo/TranslucentTransformGizmoMaterial_Inst.uasset,1,578,0.0,0.0
Functions/Engine_MaterialFunctions02/PivotPainter2,1,578,0.0,0.0
EditorLandscapeResources/SelectBrushMaterial_Selected.uasset,1,572,0.0,0.0
EngineFonts/Roboto.uasset,1,561,0.0,0.0
Functions/Engine_MaterialFunctions02/SafeNormalize.uasset,1,561,0.0,0.0
EditorResources/BSPVertex.uasset,1,558,0.0,0.0
EngineMaterials/WeightMapArrayPlaceholderTexture.uasset,1,556,0.0,0.0
EngineSounds/Submixes/MasterReverbSubmixDefault.uasset,1,548,0.0,0.0
EngineMaterials/BlendFunc_DefBlend.uasset,1,547,0.0,0.0
VREditor/TransformGizmo/TransformGizmoMaterial_Inst.uasset,1,542,0.0,0.0
EngineSounds/Submixes/MasterSubmixDefault.uasset,1,540,0.0,0.0
EngineSounds/Submixes/MasterEQSubmixDefault.uasset,1,535,0.0,0.0
EngineMaterials/BaseFlattenNormalMap.uasset,1,535,0.0,0.0
1Game/Data/E_??????.uasset,1,528,0.0,0.0
EngineMaterials/DefaultWhiteGrid_Low.uasset,1,526,0.0,0.0
EditorResources/SequenceRecorder/RecordingIndicator.uasset,1,524,0.0,0.0
Animation/DefaultRecorderBoneCompression.uasset,1,520,0.0,0.0
EngineResources/Black_Low.uasset,1,502,0.0,0.0
EditorMaterials/Camera/MI_CineMat_Rig.uasset,1,493,0.0,0.0
Functions/Engine_MaterialFunctions01/Opacity,1,487,0.0,0.0
EditorLandscapeResources/DefaultAlphaTexture.uasset,1,478,0.0,0.0
Functions/Engine_MaterialFunctions01/Debug,1,448,0.0,0.0
Functions/Engine_MaterialFunctions01/Gradient,1,437,0.0,0.0
Functions/Engine_MaterialFunctions03/Blends,1,436,0.0,0.0
Functions/Engine_MaterialFunctions02/UVs,1,432,0.0,0.0
Functions/Substrate/Substrate-IOR-To-F0.uasset,1,414,0.0,0.0
1Game/Data/UI_????.uasset,1,405,0.0,0.0
EngineFonts/Faces/DroidSansFallback.uasset,1,405,0.0,0.0
EditorLandscapeResources/WhiteSquareTexture.uasset,1,394,0.0,0.0
Functions/Engine_MaterialFunctions02/SmoothStep.uasset,1,392,0.0,0.0
EngineFonts/Faces/RobotoBoldItalic.uasset,1,386,0.0,0.0
Maps/Entry_BuiltData.uasset,1,386,0.0,0.0
EngineResources/LandscapeVisibilityLayerInfo.uasset,1,382,0.0,0.0
EngineFonts/Faces/RobotoItalic.uasset,1,374,0.0,0.0
EngineMaterials/DefaultDestructiblePhysicalMaterial.uasset,1,372,0.0,0.0
Functions/Engine_MaterialFunctions03/Procedurals,1,369,0.0,0.0
EngineFonts/Faces/RobotoRegular.uasset,1,367,0.0,0.0
EngineResources/WhiteSquareTexture.uasset,1,366,0.0,0.0
EngineFonts/Faces/RobotoLight.uasset,1,358,0.0,0.0
EngineFonts/Faces/RobotoBold.uasset,1,356,0.0,0.0
Functions/Engine_MaterialFunctions02/SplitComponents.uasset,1,353,0.0,0.0
Functions/Engine_MaterialFunctions03/Viewport,1,353,0.0,0.0
EngineResources/Black.uasset,1,351,0.0,0.0
Functions/Engine_MaterialFunctions02/ObjectLocalBounds.uasset,1,350,0.0,0.0
Animation/DefaultVariableFrameStrippingSettings.uasset,1,350,0.0,0.0
EditorMaterials/TilingAALineBoxFiltered.uasset,1,342,0.0,0.0
EngineMaterials/DefaultPhysicalMaterial.uasset,1,342,0.0,0.0
EditorMaterials/TilingAALineIntegral.uasset,1,334,0.0,0.0
EngineSounds/Submixes/MasterReverbEffectPreset.uasset,1,334,0.0,0.0
EngineSounds/Submixes/MasterEQEffectPreset.uasset,1,326,0.0,0.0
EditorMaterials/TilingAAGrid.uasset,1,318,0.0,0.0
EngineSounds/Master.uasset,1,297,0.0,0.0
EngineMaterials/DefaultWhiteGrid.ubulk,1,153,0.0,0.0
EngineMaterials/BaseFlattenNormalMap_VT.ubulk,1,133,0.0,0.0
