region_id,screen_name,asset_filename,ue_asset_path,source_art_path,width,height,color_mode,has_alpha,shared,usage,notes,sha256
R01_main_backpack,DesktopTrainingWorkbench_Default,T_MasterV2_PanelLarge.png,/Game/GameXXK/UI/MasterV2/Approved/T_MasterV2_PanelLarge.T_MasterV2_PanelLarge,SourceArt/UI/PSD/gamexxk-v4/ui-master/RuntimeApproved/T_MasterV2_PanelLarge.png,1453,851,RGBA,true,true,背包主框 / 页签 / 关闭 / 金币,"Exported from the current UE Texture2D; keep filename, canvas size, and alpha for replacement.",76b8fbd518edb62d2d6275a339e2b8bf1c5808c306e57779aaa5dd89ae9b5be8
R01_main_backpack,DesktopTrainingWorkbench_Default,T_MasterV2_CloseInk.png,/Game/GameXXK/UI/MasterV2/Approved/T_MasterV2_CloseInk.T_MasterV2_CloseInk,SourceArt/UI/PSD/gamexxk-v4/ui-master/RuntimeApproved/T_MasterV2_CloseInk.png,1254,1254,RGBA,true,true,背包主框 / 页签 / 关闭 / 金币,"Exported from the current UE Texture2D; keep filename, canvas size, and alpha for replacement.",2a00ff652ba7d64b47ace99daf271082655713c56a4c81ec7954d68f4da41a1d
R02_slots,DesktopTrainingWorkbench_Default,T_MasterV2_ItemSlot.png,/Game/GameXXK/UI/MasterV2/Approved/T_MasterV2_ItemSlot.T_MasterV2_ItemSlot,SourceArt/UI/PSD/gamexxk-v4/ui-master/RuntimeApproved/T_MasterV2_ItemSlot.png,100,101,RGBA,true,true,格子底、装备槽与滚动条,"Exported from the current UE Texture2D; keep filename, canvas size, and alpha for replacement.",cdbdeb3101bcf3e4259f58f641d9f70913d0c6ca91870e8654b2b004e23db511
R02_slots,DesktopTrainingWorkbench_Default,T_MasterV2_EquipmentSlot.png,/Game/GameXXK/UI/MasterV2/Approved/T_MasterV2_EquipmentSlot.T_MasterV2_EquipmentSlot,SourceArt/UI/PSD/gamexxk-v4/ui-master/RuntimeApproved/T_MasterV2_EquipmentSlot.png,102,108,RGBA,true,true,格子底、装备槽与滚动条,"Exported from the current UE Texture2D; keep filename, canvas size, and alpha for replacement.",6b109645bd413b7ca0422f05a50a7f2def16dacea6a0699c33fa2876ab02ef3a
R02_slots,DesktopTrainingWorkbench_Default,inventory_scrollbar_Button.png,/Game/GameXXK/UI/MasterV2/Approved/inventory_scrollbar_Button.inventory_scrollbar_Button,,30,126,RGBA,true,true,格子底、装备槽与滚动条,"Exported from the current UE Texture2D; keep filename, canvas size, and alpha for replacement.",4ea17522f842d14d18bca423f68f94392ba08d9a7eff424b35e71cb0b64526f7
R01_main_backpack,DesktopTrainingWorkbench_Default,T_MasterV2_Ingot.png,/Game/GameXXK/UI/MasterV2/Approved/T_MasterV2_Ingot.T_MasterV2_Ingot,SourceArt/UI/PSD/gamexxk-v4/ui-master/RuntimeApproved/T_MasterV2_Ingot.png,70,66,RGBA,true,true,背包主框 / 页签 / 关闭 / 金币,"Exported from the current UE Texture2D; keep filename, canvas size, and alpha for replacement.",09d31f9bb2edc1f9543100096bb9ba731cc6b61ac9d83cc5cbebe30354d1d81b
R01_main_backpack,DesktopTrainingWorkbench_Default,003_tab_1.png,/Game/GameXXK/UI/MasterV2/Approved/003_tab_1.003_tab_1,,105,62,RGBA,true,true,背包主框 / 页签 / 关闭 / 金币,"Exported from the current UE Texture2D; keep filename, canvas size, and alpha for replacement.",8a4ed73ebd89db27e0973175511ad76afb75adca753f823e8541e266582abebf
R01_main_backpack,DesktopTrainingWorkbench_Default,004_tab_2.png,/Game/GameXXK/UI/MasterV2/Approved/004_tab_2.004_tab_2,,105,62,RGBA,true,true,背包主框 / 页签 / 关闭 / 金币,"Exported from the current UE Texture2D; keep filename, canvas size, and alpha for replacement.",a2d639090a42ad7047b9460283fa623d5051485fef69eacf1926845db3f31407
R03_character,DesktopTrainingWorkbench_Default,T_MasterV2_HeroFullBody.png,/Game/GameXXK/UI/MasterV2/Approved/T_MasterV2_HeroFullBody.T_MasterV2_HeroFullBody,SourceArt/UI/PSD/gamexxk-v4/ui-master/RuntimeApproved/T_MasterV2_HeroFullBody.png,512,512,RGBA,true,false,主角立绘与六件装备图标,"Exported from the current UE Texture2D; keep filename, canvas size, and alpha for replacement.",71ac36ccd4b695a7c719a3ce5c5f270ec43aedc6b19541981612fa64407bc0e4
R03_character,DesktopTrainingWorkbench_Default,starter_weapon.png,/Game/GameXXK/UI/StarterEquipment/starter_weapon.starter_weapon,SourceArt/UI/PSD/gamexxk-v4/calibration-v2/Generated/items/split/starter_weapon.png,512,512,RGBA,true,false,主角立绘与六件装备图标,"Exported from the current UE Texture2D; keep filename, canvas size, and alpha for replacement.",7c62c0447822eaded9a0e7823448d7e24e83e5bd4a0dd71d18805f5c5ae9660c
R03_character,DesktopTrainingWorkbench_Default,starter_head.png,/Game/GameXXK/UI/StarterEquipment/starter_head.starter_head,SourceArt/UI/PSD/gamexxk-v4/calibration-v2/Generated/items/split/starter_head.png,512,512,RGBA,true,false,主角立绘与六件装备图标,"Exported from the current UE Texture2D; keep filename, canvas size, and alpha for replacement.",43c41c979691a480326516442bab99d00724592832abc0db385506dbac337a81
R03_character,DesktopTrainingWorkbench_Default,starter_armor.png,/Game/GameXXK/UI/StarterEquipment/starter_armor.starter_armor,SourceArt/UI/PSD/gamexxk-v4/calibration-v2/Generated/items/split/starter_armor.png,512,512,RGBA,true,false,主角立绘与六件装备图标,"Exported from the current UE Texture2D; keep filename, canvas size, and alpha for replacement.",5ede44e670039dea9b93c8dc8b2da8eee272262aa6500adb4a7e1133f290b977
R03_character,DesktopTrainingWorkbench_Default,starter_belt.png,/Game/GameXXK/UI/StarterEquipment/starter_belt.starter_belt,SourceArt/UI/PSD/gamexxk-v4/calibration-v2/Generated/items/split/starter_belt.png,512,512,RGBA,true,false,主角立绘与六件装备图标,"Exported from the current UE Texture2D; keep filename, canvas size, and alpha for replacement.",15d8cfaba62e27f0232e08443f421b0bcf7ac2f9d635b481d82de8bcae09953c
R03_character,DesktopTrainingWorkbench_Default,starter_shoes.png,/Game/GameXXK/UI/StarterEquipment/starter_shoes.starter_shoes,SourceArt/UI/PSD/gamexxk-v4/calibration-v2/Generated/items/split/starter_shoes.png,512,512,RGBA,true,false,主角立绘与六件装备图标,"Exported from the current UE Texture2D; keep filename, canvas size, and alpha for replacement.",3e64be85b0750cd72bfe8ca131a2c6a3a2ca3ccdc0650b3c18d7208e952918b4
R03_character,DesktopTrainingWorkbench_Default,starter_accessory.png,/Game/GameXXK/UI/StarterEquipment/starter_accessory.starter_accessory,SourceArt/UI/PSD/gamexxk-v4/calibration-v2/Generated/items/split/starter_accessory.png,512,512,RGBA,true,false,主角立绘与六件装备图标,"Exported from the current UE Texture2D; keep filename, canvas size, and alpha for replacement.",d2c15b89314dd9962bd03c730f1734ebd59f81611774ed6b4909768f525833c0
R04_backpack_items,DesktopTrainingWorkbench_Default,T_ItemHealingPowder.png,/Game/GameXXK/UI/Inventory/Textures/T_ItemHealingPowder.T_ItemHealingPowder,,256,256,RGBA,true,false,背包内当前可见道具图标,"Exported from the current UE Texture2D; keep filename, canvas size, and alpha for replacement.",6287c91357e887cb1a3f0251d292062625f5c3e67df3bd38da19ac5ecd1900a5
R04_backpack_items,DesktopTrainingWorkbench_Default,strengthening_stone.png,/Game/GameXXK/UI/Items/strengthening_stone.strengthening_stone,SourceArt/UI/PSD/gamexxk-v4/calibration-v2/Content/Items/strengthening_stone.png,512,512,RGBA,true,false,背包内当前可见道具图标,"Exported from the current UE Texture2D; keep filename, canvas size, and alpha for replacement.",f88a845c087bc7fe311765f050b1c0f527bebf1db314460c833c192969afb3c7
R05_roster,DesktopTrainingWorkbench_Default,T_CardPortrait_Hero.png,/Game/GameXXK/UI/PartyDeck/CardArt/T_CardPortrait_Hero.T_CardPortrait_Hero,,171,205,RGBA,true,false,主角 / 伙伴 / NPC 入口头像,"Exported from the current UE Texture2D; keep filename, canvas size, and alpha for replacement.",d0cf7373dcf47783d9fda80a3654df001b73b0b437bc91d41f7de001e3745f60
R05_roster,DesktopTrainingWorkbench_Default,T_CardPortrait_Role_Blade.png,/Game/GameXXK/UI/PartyDeck/CardArt/T_CardPortrait_Role_Blade.T_CardPortrait_Role_Blade,,171,205,RGBA,true,false,主角 / 伙伴 / NPC 入口头像,"Exported from the current UE Texture2D; keep filename, canvas size, and alpha for replacement.",bb4b729318b6ff06817a825bea2ee1d6aeddb08db3f60ad7c67088ca7e56c8a2
R05_roster,DesktopTrainingWorkbench_Default,T_CardPortrait_Npc_TusiChief.png,/Game/GameXXK/UI/PartyDeck/CardArt/T_CardPortrait_Npc_TusiChief.T_CardPortrait_Npc_TusiChief,,171,205,RGBA,true,false,主角 / 伙伴 / NPC 入口头像,"Exported from the current UE Texture2D; keep filename, canvas size, and alpha for replacement.",daafe5511984b8a86a76f3d5a1267233aef29f812619a3d08ee93b96203ff516
R06_bottom_nav,DesktopTrainingWorkbench_Default,T_TrainingNavWarehouse.png,/Game/GameXXK/UI/ImageTruth/Training/T_TrainingNavWarehouse.T_TrainingNavWarehouse,,1254,1254,RGBA,true,true,底部五导航图标,"Exported from the current UE Texture2D; keep filename, canvas size, and alpha for replacement.",773c5d2489f95149a6e4efac3913c9d9729c7884744eb60036bda665bf95b77a
R06_bottom_nav,DesktopTrainingWorkbench_Default,T_TrainingNavFormation.png,/Game/GameXXK/UI/ImageTruth/Training/T_TrainingNavFormation.T_TrainingNavFormation,,1254,1254,RGBA,true,true,底部五导航图标,"Exported from the current UE Texture2D; keep filename, canvas size, and alpha for replacement.",8223ff6b47b1122e835ca0102755226dc6289b93df0ca28145d0238761663c46
R06_bottom_nav,DesktopTrainingWorkbench_Default,T_TrainingNavTalents.png,/Game/GameXXK/UI/ImageTruth/Training/T_TrainingNavTalents.T_TrainingNavTalents,,1305,1205,RGBA,true,true,底部五导航图标,"Exported from the current UE Texture2D; keep filename, canvas size, and alpha for replacement.",ab5da9dc2e86699f578d6db93191ee89484daaa6ce788c0315b1d8c229be7ddc
R06_bottom_nav,DesktopTrainingWorkbench_Default,T_TrainingNavTools.png,/Game/GameXXK/UI/ImageTruth/Training/T_TrainingNavTools.T_TrainingNavTools,,1273,1236,RGBA,true,true,底部五导航图标,"Exported from the current UE Texture2D; keep filename, canvas size, and alpha for replacement.",8ef865c112f93ba7b32d326449fc9b52cc851659e853725477e252cb3f50eb2c
R06_bottom_nav,DesktopTrainingWorkbench_Default,T_TrainingNavTraining.png,/Game/GameXXK/UI/ImageTruth/Training/T_TrainingNavTraining.T_TrainingNavTraining,,1254,1254,RGBA,true,true,底部五导航图标,"Exported from the current UE Texture2D; keep filename, canvas size, and alpha for replacement.",2b0b7886f7d2db4ab915564b4adf9fb4d309dcf03efa688080b0e6eaf029839c
R07_top_toolbar,DesktopTrainingWorkbench_Default,T_TrainingTopToolbarAlwaysOnTop.png,/Game/GameXXK/UI/ImageTruth/Training/T_TrainingTopToolbarAlwaysOnTop.T_TrainingTopToolbarAlwaysOnTop,,1254,1254,RGBA,true,false,顶部工具栏图片图标,"Exported from the current UE Texture2D; keep filename, canvas size, and alpha for replacement.",5771a66ac2817ded1c2bafcfabdbaae5f3ffee7a5dddf40e8c2ef49504ec0dab
R07_top_toolbar,DesktopTrainingWorkbench_Default,T_TownPsd_HudSettings.png,/Game/GameXXK/UI/Town/Textures/PSD/HUD/T_TownPsd_HudSettings.T_TownPsd_HudSettings,,130,132,RGBA,true,false,顶部工具栏图片图标,"Exported from the current UE Texture2D; keep filename, canvas size, and alpha for replacement.",0a9c8f16053cc71fbbac46cb2faf60f6e9319d2f14d7e857922c116337bfdedd
R08_idle_strip,DesktopTrainingWorkbench_Default,T_TrainingIdleStrip_Background.png,/Game/GameXXK/UI/ImageTruth/Training/T_TrainingIdleStrip_Background.T_TrainingIdleStrip_Background,,1983,793,RGBA,true,false,顶部历练条、主角、宝箱与波次图标；连续背景同图平铺 3 次,"Runtime repeats this same texture 3 times for the continuous idle-strip background; Exported from the current UE Texture2D; keep filename, canvas size, and alpha for replacement.",6d8ce160fe33743229de60be700332dc08516f16bc8fc861b938bfa4931c2d76
R08_idle_strip,DesktopTrainingWorkbench_Default,T_TrainingHeroWalkLeft_1K.png,/Game/GameXXK/UI/Training/Generated/walkloop_pilot_v1/character_00_hero_walk_left/atlas_1K/T_TrainingHeroWalkLeft_1K.T_TrainingHeroWalkLeft_1K,,1024,1024,RGBA,true,false,顶部历练条、主角、宝箱与波次图标；连续背景同图平铺 3 次,"Exported from the current UE Texture2D; keep filename, canvas size, and alpha for replacement.",e8f7a96435bf86cde84ea7d490e8f129f808fa2991043edea6d337acaede9f55
R08_idle_strip,DesktopTrainingWorkbench_Default,T_Item_TrainingNormalChest.png,/Game/GameXXK/UI/Items/T_Item_TrainingNormalChest.T_Item_TrainingNormalChest,,512,512,RGBA,true,false,顶部历练条、主角、宝箱与波次图标；连续背景同图平铺 3 次,"Exported from the current UE Texture2D; keep filename, canvas size, and alpha for replacement.",615a7562938ee60ab298d69786f18b0e4c8d974e0322724b2f9b06d734ac1a9a
R08_idle_strip,DesktopTrainingWorkbench_Default,T_Item_TrainingAdvancedChest.png,/Game/GameXXK/UI/Items/T_Item_TrainingAdvancedChest.T_Item_TrainingAdvancedChest,,512,512,RGBA,true,false,顶部历练条、主角、宝箱与波次图标；连续背景同图平铺 3 次,"Exported from the current UE Texture2D; keep filename, canvas size, and alpha for replacement.",0b777499a702cc8655274c99cb336093bc727e570a634e2897fa7ddcd82cc85f
R08_idle_strip,DesktopTrainingWorkbench_Default,T_TrainingRetryButtonBase.png,/Game/GameXXK/UI/Training/IdleStrip/T_TrainingRetryButtonBase.T_TrainingRetryButtonBase,SourceArt/UI/Training/IdleStrip/final/T_TrainingRetryButtonBase.png,256,256,RGBA,true,false,顶部历练条、主角、宝箱与波次图标；连续背景同图平铺 3 次,"Exported from the current UE Texture2D; keep filename, canvas size, and alpha for replacement.",a638762e2fb1cad25ab53450068f93058a50b8933cf2832ff3790d1c15bdaa42
R08_idle_strip,DesktopTrainingWorkbench_Default,T_TrainingRetryIconEnabled.png,/Game/GameXXK/UI/Training/IdleStrip/T_TrainingRetryIconEnabled.T_TrainingRetryIconEnabled,SourceArt/UI/Training/IdleStrip/final/T_TrainingRetryIconEnabled.png,256,256,RGBA,true,false,顶部历练条、主角、宝箱与波次图标；连续背景同图平铺 3 次,"Exported from the current UE Texture2D; keep filename, canvas size, and alpha for replacement.",1c3d8df05827429a8372fc0a00dea8c77b7dbbd1237756bf951837bb3a0e028a
R08_idle_strip,DesktopTrainingWorkbench_Default,T_TrainingWaveMarkerNormal.png,/Game/GameXXK/UI/Training/IdleStrip/T_TrainingWaveMarkerNormal.T_TrainingWaveMarkerNormal,SourceArt/UI/Training/IdleStrip/final/T_TrainingWaveMarkerNormal.png,256,256,RGBA,true,false,顶部历练条、主角、宝箱与波次图标；连续背景同图平铺 3 次,"Exported from the current UE Texture2D; keep filename, canvas size, and alpha for replacement.",3a87de247b54df1768c9d2a5c461ffd48c01108f107e635ba0d43893fa25f6ac
R08_idle_strip,DesktopTrainingWorkbench_Default,T_TrainingWaveMarkerElite.png,/Game/GameXXK/UI/Training/IdleStrip/T_TrainingWaveMarkerElite.T_TrainingWaveMarkerElite,SourceArt/UI/Training/IdleStrip/final/T_TrainingWaveMarkerElite.png,256,256,RGBA,true,false,顶部历练条、主角、宝箱与波次图标；连续背景同图平铺 3 次,"Exported from the current UE Texture2D; keep filename, canvas size, and alpha for replacement.",a80ba4d411bbb14009ee49a4eb439ba89917a67212f0c0aa05b18899e7dd9860
R08_idle_strip,DesktopTrainingWorkbench_Default,T_TrainingWaveMarkerBoss.png,/Game/GameXXK/UI/Training/IdleStrip/T_TrainingWaveMarkerBoss.T_TrainingWaveMarkerBoss,SourceArt/UI/Training/IdleStrip/final/T_TrainingWaveMarkerBoss.png,256,256,RGBA,true,false,顶部历练条、主角、宝箱与波次图标；连续背景同图平铺 3 次,"Exported from the current UE Texture2D; keep filename, canvas size, and alpha for replacement.",d04b89c3ae4e64647a9e507f7467a1609139fabe1850c0a360e94c1ba9a0c3f0
R09_side_actions,DesktopTrainingWorkbench_Default,T_DesktopTownEnterButton.png,/Game/GameXXK/UI/DesktopOverlay/T_DesktopTownEnterButton.T_DesktopTownEnterButton,SourceArt/UI/DesktopOverlay/T_DesktopTownEnterButton.png,512,512,RGBA,true,false,左侧剧情任务 / 进入城镇,"Exported from the current UE Texture2D; keep filename, canvas size, and alpha for replacement.",03bb05574f5c3b21f7b6a0424e92c7107e0ada81a4200e513a9b6ae14ff6324b
R09_side_actions,DesktopTrainingWorkbench_Default,T_DesktopStoryQuestButton.png,/Game/GameXXK/UI/DesktopOverlay/T_DesktopStoryQuestButton.T_DesktopStoryQuestButton,SourceArt/UI/DesktopOverlay/T_DesktopStoryQuestButton.png,512,512,RGBA,true,false,左侧剧情任务 / 进入城镇,"Exported from the current UE Texture2D; keep filename, canvas size, and alpha for replacement.",f73390ec16d25ea97de393b2d82215ead6da084d5471f21614e5f884040e472b
C01,DesktopTrainingWorkbench_Default,CODE_DRAWN,,,,,,,true,文字、数值、数量角标、纯色进度条和程序边框,No replacement PNG; do not bake these into the image assets.,
